"cellInfo","cpg","colour","dim1","dim2"
"CD19","cg02665297","#A6CEE3",6.76974286035685,60.3749894825552
"CD19","cg04828493","#A6CEE3",5.93537498839134,60.7268883435276
"CD19","cg25131632","#A6CEE3",2.50259606381534,60.0117920354018
"CD19","cg01024458","#A6CEE3",2.57638957209132,59.8300994891189
"CD19","cg07721872","#A6CEE3",5.31128380314549,59.5042848394923
"CD19","cg19276014","#A6CEE3",10.2755987731281,59.8568016180006
"CD19","cg21596498","#A6CEE3",5.1433071896446,59.087394831237
"CD19","cg14936008","#A6CEE3",4.78413700952393,58.9842266991737
"CD19","cg11661493","#A6CEE3",-2.07426032832966,55.4308669539767
"CD19","cg05205074","#A6CEE3",-0.163677147349313,56.835429154852
"CD19","cg04153882","#A6CEE3",4.28182047531962,60.1041948094123
"CD19","cg16210395","#A6CEE3",-1.05185505264451,58.2653362520878
"CD19","cg17232476","#A6CEE3",-0.48210647967043,56.0016692598754
"CD19","cg03248292","#A6CEE3",-7.76944717369704,51.097395767653
"CD19","cg05579731","#A6CEE3",-1.66028063370435,57.1210685575809
"CD19","cg04838847","#A6CEE3",10.4515893468518,59.6764772205146
"CD19","cg17679619","#A6CEE3",-0.150256486377226,57.5902754736087
"CD19","cg15035590","#A6CEE3",4.79876397222955,58.5981083439908
"CD19","cg17995557","#A6CEE3",-2.17015393154891,58.316507664052
"CD19","cg16654610","#A6CEE3",-3.62779259762809,56.8572864668816
"CD19","cg13356455","#A6CEE3",-2.11829562769337,56.5004281358738
"CD19","cg18250453","#A6CEE3",1.51222620106358,57.3167997296084
"CD19","cg22212560","#A6CEE3",-5.42331254125386,53.1277917067658
"CD19","cg20602300","#A6CEE3",4.46416264465165,58.1251682186396
"CD19","cg12604490","#A6CEE3",-3.38588371552686,53.9477322009786
"CD19","cg21743182","#A6CEE3",-2.6835551698007,54.1258508345842
"CD19","cg00760938","#A6CEE3",-3.69353487917592,52.7727749641841
"CD19","cg23683962","#A6CEE3",1.78645478721245,56.9875177189485
"CD19","cg26810157","#A6CEE3",-8.32122073753711,55.9288305771513
"CD19","cg16148346","#A6CEE3",-1.84088168784625,55.0951743770404
"CD19","cg25683989","#A6CEE3",-5.84059780060123,55.9649841011692
"CD19","cg26121053","#A6CEE3",10.8047444254948,59.1943145833218
"CD19","cg12976793","#A6CEE3",4.76604586209082,58.0684008215793
"CD19","cg22381248","#A6CEE3",-4.9557333613579,52.7222306065478
"CD19","cg08905753","#A6CEE3",-6.09859440699387,49.4842279819076
"CD19","cg22905350","#A6CEE3",-3.06788375657689,55.4732763339468
"CD19","cg06889975","#A6CEE3",-4.12199434016316,54.8283295205312
"CD19","cg17123327","#A6CEE3",-4.50157599692968,51.5007907919357
"CD19","cg22498365","#A6CEE3",-1.45662151898154,54.3340441680183
"CD19","cg15348679","#A6CEE3",-6.76742524134875,53.2954966506529
"CD19","cg27565966","#A6CEE3",-3.06010450003862,53.6312364153869
"CD19","cg07597976","#A6CEE3",-9.52457696243436,46.798273305373
"CD19","cg19766988","#A6CEE3",3.18541139038003,56.8707882897227
"CD19","cg25469923","#A6CEE3",-7.37202319718987,50.3172280838063
"CD19","cg03980424","#A6CEE3",3.79282927584021,57.7656146808897
"CD19","cg19038462","#A6CEE3",3.15069626751128,58.3677343994941
"CD19","cg07558704","#A6CEE3",11.0686177399152,57.5234980236996
"CD19","cg22907103","#A6CEE3",-5.82120787211689,51.3139365080863
"CD19","cg09469986","#A6CEE3",-1.19227488432234,57.140995336512
"CD19","cg15287850","#A6CEE3",-6.53357860613498,51.2452888410116
"CD19","cg03402235","#A6CEE3",-4.52564179021015,55.4744074919736
"CD19","cg18406852","#A6CEE3",7.3579116571536,58.439368081444
"CD19","cg14331899","#A6CEE3",7.73726662953993,58.4930556527356
"CD19","cg00762029","#A6CEE3",6.74366227119324,57.9067236341898
"CD19","cg08939052","#A6CEE3",-6.16995271241591,49.3344533906609
"CD19","cg10147394","#A6CEE3",-6.32942370804691,48.8343611413845
"CD19","cg02582213","#A6CEE3",-0.263609136068179,54.1829931842182
"CD19","cg26795340","#A6CEE3",-8.29154055089771,48.1354010046486
"CD19","cg13915752","#A6CEE3",-4.79763522490386,54.570332433445
"CD19","cg18590995","#A6CEE3",-9.53212081062334,47.3223607749468
"CD19","cg23730277","#A6CEE3",2.31265222871565,55.5130466590212
"CD19","cg03860768","#A6CEE3",-10.4568743102723,44.665533509757
"CD19","cg25838060","#A6CEE3",0.015294328276109,55.1778699562137
"CD19","cg16185947","#A6CEE3",-8.98443689525693,48.0554818142266
"CD19","cg03337918","#A6CEE3",7.16993854798326,57.4430512552367
"CD19","cg04947949","#A6CEE3",5.66020752725745,56.6894172097762
"CD19","cg19260718","#A6CEE3",-2.96687169158924,52.2844811094274
"CD19","cg18664915","#A6CEE3",-4.57280640879939,50.4378098800842
"CD19","cg00104562","#A6CEE3",-8.08819114212879,49.4285635517824
"CD19","cg01463110","#A6CEE3",-6.14084777695683,48.5453556524332
"CD19","cg11699517","#A6CEE3",11.3914397643513,57.2677067438809
"CD19","cg22281206","#A6CEE3",-0.224952983506853,53.674295478067
"CD19","cg13712154","#A6CEE3",-5.87124924201959,50.8640879082521
"CD19","cg00867406","#A6CEE3",11.2831120069861,58.9931368155231
"CD19","cg27058221","#A6CEE3",2.12361304141055,54.222454017643
"CD19","cg10667102","#A6CEE3",12.1651255251119,59.6278293106811
"CD19","cg22793142","#A6CEE3",-5.88029010561503,54.6191632207219
"CD19","cg07841371","#A6CEE3",4.31329687570744,56.3725334042406
"CD19","cg11199827","#A6CEE3",9.2080552150572,57.7901987242581
"CD19","cg20452738","#A6CEE3",-0.350525472122927,53.0631029379862
"CD19","cg13823257","#A6CEE3",-4.21487141893382,50.2148029139952
"CD19","cg16085171","#A6CEE3",5.50879185583324,55.8528879479173
"CD19","cg04576021","#A6CEE3",-7.82509330509413,53.228727505506
"CD19","cg17774764","#A6CEE3",-11.1267325628671,43.4951312699482
"CD19","cg08842021","#A6CEE3",-8.38443615773615,56.0042420304299
"CD19","cg00227665","#A6CEE3",-11.4170615485778,44.5142811690997
"CD19","cg11375112","#A6CEE3",-6.32395357354129,56.5312569454365
"CD19","cg14579184","#A6CEE3",-7.41908965882463,47.5180553519067
"CD19","cg10443421","#A6CEE3",-9.54652820175201,45.5318584225307
"CD19","cg12400702","#A6CEE3",7.10430196881859,56.3513920330749
"CD19","cg00178728","#A6CEE3",-3.29734619533375,50.9877760987421
"CD19","cg13103051","#A6CEE3",-6.12969968276133,47.1956451669529
"CD19","cg02051688","#A6CEE3",-0.362278707970973,49.5741850157167
"CD19","cg04190888","#A6CEE3",0.814807918453163,52.5556302978161
"CD19","cg26318872","#A6CEE3",5.65671219553511,55.2982371179475
"CD19","cg23948703","#A6CEE3",-1.07054709760929,50.4837618740279
"CD19","cg01868869","#A6CEE3",0.285398119206361,53.1664905540472
"CD19","cg17812123","#A6CEE3",8.4636187150775,56.3860638758694
"CD19","cg07836226","#A6CEE3",-7.42485563712131,53.8193510525976
"CD19","cg17622855","#A6CEE3",-1.50479229956005,51.6044106814376
"CD19","cg18495884","#A6CEE3",-4.46320361999544,48.6805362078294
"CD19","cg11020333","#A6CEE3",12.3104094118088,59.0561073284583
"CD19","cg13125224","#A6CEE3",-12.3272324247283,40.8155709194786
"CD19","cg07262620","#A6CEE3",-1.29034284721719,51.8157910856832
"CD19","cg15242630","#A6CEE3",-7.43291588884987,46.0759984745892
"CD19","cg20604028","#A6CEE3",3.94452014353868,52.9592576305785
"CD19","cg20510988","#A6CEE3",-13.2769383610878,39.5560115611384
"CD19","cg01591579","#A6CEE3",11.870396641317,57.0791351214922
"CD19","cg22984894","#A6CEE3",-9.46319269378752,49.5845296324671
"CD19","cg03794491","#A6CEE3",6.70608104803263,55.3682401267933
"CD19","cg04103645","#A6CEE3",-9.11235918296653,44.0493150533951
"CD19","cg00113020","#A6CEE3",6.18341440209686,55.3833521921205
"CD19","cg20943999","#A6CEE3",13.5438294590988,57.9989032255961
"CD19","cg07145038","#A6CEE3",-0.338233040541536,48.3847022815489
"CD19","cg17120366","#A6CEE3",10.0109673685818,56.5467108481608
"CD19","cg10443971","#A6CEE3",-0.0183528267826172,48.3121926647773
"CD19","cg21997986","#A6CEE3",-5.52660023397644,45.5418877867353
"CD19","cg02095334","#A6CEE3",-10.7526396777375,43.0157546727089
"CD19","cg10168330","#A6CEE3",-12.8989209861749,42.0159885884065
"CD19","cg17581870","#A6CEE3",-6.22704078750947,55.6468760768827
"CD19","cg16325984","#A6CEE3",-3.44104720743911,49.6847684105475
"CD19","cg16698623","#A6CEE3",-4.13974180729705,47.8627155548935
"CD19","cg02585724","#A6CEE3",-11.9012275846693,42.0098648704306
"CD19","cg14102807","#A6CEE3",-10.9927880879268,42.9431142484824
"CD19","cg23344706","#A6CEE3",-0.609294642209959,47.723939286457
"CD19","cg19861842","#A6CEE3",-0.388114349458115,51.3876978977382
"CD19","cg08961187","#A6CEE3",2.12957444981425,51.874847544558
"CD19","cg17304531","#A6CEE3",-0.0219692295584769,50.4941043684601
"CD19","cg26635451","#A6CEE3",3.80140993860071,50.0877119111925
"CD19","cg00770471","#A6CEE3",1.20154529328264,50.6890463511658
"CD19","cg24710951","#A6CEE3",-5.24188260194139,46.7714913879287
"CD19","cg10729706","#A6CEE3",-2.29294560859277,48.0503405998011
"CD19","cg24045212","#A6CEE3",-11.787378542159,40.1022746988335
"CD19","cg03324175","#A6CEE3",-9.26208141781203,43.3251408363757
"CD19","cg06288355","#A6CEE3",-8.72632053838063,43.6195298303771
"CD19","cg21494075","#A6CEE3",-4.08182642905866,47.9057305586604
"CD19","cg26826183","#A6CEE3",-4.52674720136949,47.1177809768519
"CD19","cg06372779","#A6CEE3",7.36746759339654,52.0844974507931
"CD19","cg19149132","#A6CEE3",13.182412370313,57.0002759158377
"CD19","cg26284388","#A6CEE3",9.46573979033068,55.4641945201126
"CD19","cg16411445","#A6CEE3",12.4554704691518,56.894991281444
"CD19","cg04289069","#A6CEE3",4.28347698041504,51.3882166082106
"CD19","cg19931733","#A6CEE3",-2.21876685677325,49.9190974297953
"CD19","cg24777505","#A6CEE3",6.55005029720012,51.9419673570514
"CD19","cg26946905","#A6CEE3",5.91170371631798,51.6614174485035
"CD19","cg14508705","#A6CEE3",9.24851284653496,52.8500335265928
"CD19","cg13443938","#A6CEE3",-12.5093771981673,38.6428396870418
"CD19","cg17983657","#A6CEE3",0.878214610625353,46.8233012027134
"CD19","cg23275914","#A6CEE3",-3.19326522033819,47.5026101214675
"CD19","cg01758575","#A6CEE3",-11.4574002564982,39.4124886033853
"CD19","cg03730703","#A6CEE3",5.09756458937178,51.3618797040214
"CD19","cg03969079","#A6CEE3",12.6882928561555,58.9618374371551
"CD19","cg18749990","#A6CEE3",-1.6498050909439,46.2094279536443
"CD19","cg18452449","#A6CEE3",-11.9280249359773,38.8648298082016
"CD19","cg02393092","#A6CEE3",8.38843012544573,51.2138673917001
"CD19","cg13471712","#A6CEE3",-10.2947104200786,41.2078208041217
"CD19","cg27627493","#A6CEE3",-9.58473260035408,41.7850294677952
"CD19","cg02092514","#A6CEE3",10.4717865480427,54.7053944691416
"CD19","cg10605766","#A6CEE3",8.8237373110567,51.9415727237656
"CD19","cg07877964","#A6CEE3",-1.75454459140604,47.6766020577512
"CD19","cg02309230","#A6CEE3",-12.7353309401267,40.207060573353
"CD19","cg16661609","#A6CEE3",-3.65116901300047,46.1911979175943
"CD19","cg04346861","#A6CEE3",3.97527888225938,49.8637328243182
"CD19","cg19263161","#A6CEE3",9.63095827143098,55.2376821580246
"CD19","cg02630207","#A6CEE3",-2.30426399589798,49.2729254750248
"CD19","cg19488149","#A6CEE3",4.40797772156782,48.3823297652873
"CD19","cg07652788","#A6CEE3",9.39639040000858,52.8015386312826
"CD19","cg27224881","#A6CEE3",6.84280230858579,53.1849322614591
"CD19","cg18085787","#A6CEE3",-8.41846672974441,42.4624780047391
"CD19","cg04232098","#A6CEE3",1.77058647982167,44.1436225755435
"CD19","cg03786808","#A6CEE3",-11.585848941612,40.8178429612386
"CD19","cg05623815","#A6CEE3",-8.07952196123846,42.9089539595219
"CD19","cg08163918","#A6CEE3",5.77890476839558,50.3310672419775
"CD19","cg00893424","#A6CEE3",6.51961535132593,51.0325749740753
"CD19","cg10278046","#A6CEE3",5.63327804727281,49.5892603659585
"CD19","cg06083001","#A6CEE3",7.22924526630491,53.9951314727902
"CD19","cg02053451","#A6CEE3",1.49805584746106,46.1271069288182
"CD19","cg00409309","#A6CEE3",-5.23243804508508,42.8095315248123
"CD19","cg26574610","#A6CEE3",-8.44919458748232,42.3087119564613
"CD19","cg13503476","#A6CEE3",-13.9731485278112,36.4649119125322
"CD19","cg13738075","#A6CEE3",-10.9196560556594,39.6706050070686
"CD19","cg18933943","#A6CEE3",5.99690323520015,47.676260864604
"CD19","cg22301418","#A6CEE3",11.4107975874921,51.956087682119
"CD19","cg02167837","#A6CEE3",-10.3296523685288,38.2063768153278
"CD19","cg16706613","#A6CEE3",1.26487490980556,46.3660850450115
"CD19","cg26534812","#A6CEE3",-7.22531303980118,42.4495499409748
"CD19","cg06794543","#A6CEE3",5.63225801640056,49.8158283105695
"CD19","cg18072687","#A6CEE3",1.7817942378413,43.9904626857363
"CD19","cg26870057","#A6CEE3",3.80819463575198,45.9604572956936
"CD19","cg14875327","#A6CEE3",13.9176703522142,55.8806470821636
"CD19","cg10462187","#A6CEE3",-14.7138934619984,36.1509960410684
"CD19","cg00326300","#A6CEE3",-8.40951657308354,40.4943738215247
"CD19","cg22192069","#A6CEE3",8.31338641217397,49.6225243472843
"CD19","cg05859441","#A6CEE3",-8.71890028933408,41.5917892686843
"CD19","cg12534645","#A6CEE3",-13.6037085142635,36.9936647859963
"CD19","cg25589371","#A6CEE3",-6.66517815433383,42.5301353242874
"CD19","cg13475995","#A6CEE3",-14.149324779963,36.8998537588776
"CD19","cg08102294","#A6CEE3",-9.08949924729459,41.4646208631972
"CD19","cg10854528","#A6CEE3",13.4063025111322,55.9354580831106
"CD19","cg25263238","#A6CEE3",1.69867771930915,42.8512824329524
"CD19","cg02087075","#A6CEE3",-10.0437327130158,40.5293332993678
"CD19","cg00682125","#A6CEE3",8.74916458427167,50.068605708215
"CD19","cg16397077","#A6CEE3",9.41537724304974,49.6472450175417
"CD19","cg05613017","#A6CEE3",10.2911896455046,52.9307320268784
"CD19","cg19171272","#A6CEE3",9.39553615092063,49.0023141092723
"CD19","cg27236007","#A6CEE3",2.45603222709417,43.3232415433253
"CD19","cg19610383","#A6CEE3",5.3979535236199,46.209441923966
"CD19","cg16194437","#A6CEE3",3.16287625512714,44.4864536254354
"CD19","cg00362381","#A6CEE3",8.51421771642024,49.138227881931
"CD19","cg14078070","#A6CEE3",-8.00640711169788,41.2464995916351
"CD19","cg00511027","#A6CEE3",5.00369974334962,45.7878332104224
"CD19","cg05119467","#A6CEE3",2.85545255629882,43.5434316018942
"CD19","cg13545633","#A6CEE3",-9.77043733362947,38.6434637989225
"CD19","cg14866547","#A6CEE3",4.24048621874296,43.2844700465647
"CD19","cg22458693","#A6CEE3",5.6766778017583,46.3321573886585
"CD19","cg07912723","#A6CEE3",5.44654555440619,44.8423917014139
"CD19","cg01741999","#A6CEE3",-14.4011847301064,35.9766753932304
"CD19","cg03922146","#A6CEE3",8.68802492300267,48.599529659543
"CD19","cg10498814","#A6CEE3",12.0746268128262,49.1531459070535
"CD19","cg05234415","#A6CEE3",-13.4732487539258,35.8352470692459
"CD19","cg09432758","#A6CEE3",-9.91096039338017,40.1829231896921
"CD19","cg21720802","#A6CEE3",-10.3110292912743,39.2277597213195
"CD19","cg11051295","#A6CEE3",6.36788646079813,47.0549605303306
"CD19","cg09437994","#A6CEE3",15.098979647248,55.0563406618781
"CD19","cg27597505","#A6CEE3",-11.0218370290528,37.9120534024425
"CD19","cg06452129","#A6CEE3",10.9784111719305,47.2242305567279
"CD19","cg13826666","#A6CEE3",15.0639268536146,54.8569016246071
"CD19","cg17157198","#A6CEE3",12.3667607374197,50.528922188523
"CD19","cg12453504","#A6CEE3",5.18051804091316,43.6129907395318
"CD19","cg00471368","#A6CEE3",5.6246348463731,42.4799813217417
"CD19","cg01259220","#A6CEE3",5.3531319272974,43.9494417099294
"CD19","cg04848693","#A6CEE3",14.3274190353493,50.6833098237657
"CD19","cg07979271","#A6CEE3",3.73586791734525,42.1288287416278
"CD19","cg11256132","#A6CEE3",13.1627350137506,47.8998015217091
"CD19","cg16931707","#A6CEE3",13.7990858133834,54.7024962565435
"CD19","cg02294870","#A6CEE3",3.83491484162027,41.7043715570096
"CD19","cg19846040","#A6CEE3",14.2132439817457,50.5141489020758
"CD19","cg12807237","#A6CEE3",-11.5715258542816,37.8741774814967
"CD19","cg22685009","#A6CEE3",9.5570151203723,46.023751869274
"CD19","cg27060355","#A6CEE3",14.607968199408,50.1168496931839
"CD19","cg25183263","#A6CEE3",3.6322404716986,41.1275189266677
"CD19","cg09997532","#A6CEE3",9.96869981932161,45.7757336399878
"CD19","cg02723774","#A6CEE3",8.69202802752385,44.7313214441269
"CD19","cg06443678","#A6CEE3",21.487792680897,50.4845474983036
"CD19","cg22688656","#A6CEE3",8.0650585263348,43.3030593016548
"CD19","cg25643229","#A6CEE3",-12.797305262892,36.5391072727593
"CD19","cg09426937","#A6CEE3",-8.84915797885365,38.7910844985401
"CD19","cg17477946","#A6CEE3",11.9333583382665,46.845843759967
"CD19","cg14741870","#A6CEE3",11.2071540679007,45.457247418723
"CD19","cg13947310","#A6CEE3",13.2376635847082,47.4879949274405
"CD19","cg19730982","#A6CEE3",-12.4943004197313,36.7435001675141
"CD19","cg01502811","#A6CEE3",6.35844593315467,43.5804101319843
"CD19","cg18476690","#A6CEE3",18.0204447710416,50.3151578981359
"CD19","cg19769715","#A6CEE3",11.6790824420241,45.9639992043605
"CD19","cg12661092","#A6CEE3",4.40808943596962,41.0017887478828
"CD19","cg15129663","#A6CEE3",12.6905461048738,46.734764765206
"CD19","cg18069144","#A6CEE3",12.8536933524365,47.2416954465519
"CD19","cg08130572","#A6CEE3",-62.5190045786353,-9.1218229882781
"CD19","cg11257300","#A6CEE3",10.3672030082321,44.4967857374045
"CD19","cg19463199","#A6CEE3",9.40258694956185,43.4365687008896
"CD19","cg22558673","#A6CEE3",3.49622426314479,40.80832326767
"CD19","cg19702194","#A6CEE3",14.0945045494472,49.22204591025
"CD19","cg11758283","#A6CEE3",9.3079264783017,45.0697637470601
"CD19","cg04319732","#A6CEE3",13.4759364334023,49.8507069638984
"CD19","cg02484343","#A6CEE3",21.8162966195468,50.0248779408866
"CD19","cg25314733","#A6CEE3",14.1344647019687,47.0019735323942
"CD19","cg21329649","#A6CEE3",9.83472184421122,43.8317045941218
"CD19","cg08003321","#A6CEE3",13.7378508093553,49.3066589298538
"CD19","cg16724800","#A6CEE3",-11.9882672283756,36.5280485737993
"CD19","cg08412215","#A6CEE3",19.076259827345,49.774449699205
"CD19","cg08780166","#A6CEE3",7.92309766030875,41.4722918360731
"CD19","cg02980499","#A6CEE3",9.47345266901121,44.9256463011472
"CD19","cg16531348","#A6CEE3",14.272452452565,48.3659064639332
"CD19","cg22679120","#A6CEE3",-14.7681022779211,35.7360708549663
"CD19","cg14412639","#A6CEE3",20.4394238238251,49.5202197526103
"CD19","cg03515464","#A6CEE3",-12.4016353234694,36.0814263836486
"CD19","cg17117794","#A6CEE3",15.057330124281,47.0335117047636
"CD19","cg14467066","#A6CEE3",-6.44219878378946,39.1446779016213
"CD19","cg24065957","#A6CEE3",17.0699718989567,47.5839255384203
"CD19","cg08139729","#A6CEE3",12.3406260962258,45.6405683980784
"CD19","cg06966462","#A6CEE3",10.542517549678,44.6729279485327
"CD19","cg15094117","#A6CEE3",8.71651249833317,40.1911605676864
"CD19","cg16523158","#A6CEE3",10.4559682279481,43.38628366344
"CD19","cg14613361","#A6CEE3",-6.23763920840836,39.2033769736544
"CD19","cg14029759","#A6CEE3",9.32962753148478,41.6546353971042
"CD19","cg18264210","#A6CEE3",9.73461375825218,41.5098387789865
"CD19","cg09799039","#A6CEE3",20.7068700162156,49.1868495104609
"CD19","cg15133201","#A6CEE3",15.0472234088963,48.1307828666463
"CD19","cg00804510","#A6CEE3",19.9717038972871,48.5834906002637
"CD19","cg15181441","#A6CEE3",16.5602714885885,46.9283864471915
"CD19","cg12393275","#A6CEE3",16.3403985326532,46.8196215087294
"CD19","cg26555531","#A6CEE3",10.5340924417145,41.6167203274801
"CD19","cg08251036","#A6CEE3",19.9890013934268,48.3722853646438
"CD19","cg18904855","#A6CEE3",10.1246743103354,39.1257485502829
"CD19","cg17138415","#A6CEE3",8.77685034973415,40.0135138494491
"CD19","cg08430680","#A6CEE3",10.1676856432792,40.895744921465
"CD19","cg14031033","#A6CEE3",18.5686448625495,48.6165547307148
"CD19","cg13299324","#A6CEE3",22.0651359437583,48.3027793744777
"CD19","cg19573599","#A6CEE3",21.4568806336137,48.0306367075344
"CD19","cg21428954","#A6CEE3",22.4160604284793,48.6801251851826
"CD19","cg02255950","#A6CEE3",17.7072594180135,45.1553909539899
"CD19","cg05143092","#A6CEE3",19.4921940811527,47.1561254218799
"CD19","cg18470456","#A6CEE3",18.0593589175065,46.3524998361589
"CD19","cg20770504","#A6CEE3",18.6582285893439,46.6509389566947
"CD19","cg19975560","#A6CEE3",21.0540185657048,47.8279369710342
"CD19","cg22014289","#A6CEE3",-11.6950415039496,36.1871439488735
"CD19","cg03742250","#A6CEE3",19.1375525130188,46.8351227271386
"CD19","cg19026231","#A6CEE3",18.488958946548,45.992989721629
"CD19","cg09276655","#A6CEE3",13.8467770971527,41.6655220178974
"CD19","cg02061967","#A6CEE3",10.995471881182,40.0101292040805
"CD19","cg01007589","#A6CEE3",20.812238986544,47.4592559279817
"CD19","cg13329862","#A6CEE3",9.90812022068452,39.9299766631125
"CD19","cg03649125","#A6CEE3",19.604764740442,46.3129050634422
"CD19","cg16696317","#A6CEE3",-23.9708807379389,2.48616941567697
"CD19","cg02695062","#A6CEE3",10.4807032651178,39.0807198810811
"CD19","cg17574471","#A6CEE3",23.3233459364903,47.6608368067885
"CD19","cg12961889","#A6CEE3",10.8271640965981,39.4569797208246
"CD19","cg12754854","#A6CEE3",20.8607202375595,46.586925971211
"CD19","cg04226232","#A6CEE3",14.6398725729762,41.5692106866458
"CD19","cg18445426","#A6CEE3",21.6635284589125,46.9960022533265
"CD19","cg09459774","#A6CEE3",17.9506088538399,44.0592883445649
"CD19","cg23445604","#A6CEE3",15.559226386941,41.7704340608528
"CD19","cg14507658","#A6CEE3",15.47407241328,41.6008974170034
"CD19","cg00550955","#A6CEE3",10.7761200317287,38.0390358420174
"CD19","cg09976287","#A6CEE3",22.0870421128768,46.3806934042031
"CD19","cg01002242","#A6CEE3",23.3078315512222,47.0361902550278
"CD19","cg07629149","#A6CEE3",21.1642843988906,45.3695424154111
"CD19","cg10532807","#A6CEE3",19.724958266587,44.3956018594207
"CD19","cg00007800","#A6CEE3",11.5988453654152,39.0753415495464
"CD19","cg14136042","#A6CEE3",17.415751460671,42.6057997935206
"CD19","cg00128100","#A6CEE3",18.7441436965911,43.284883369166
"CD19","cg00396427","#A6CEE3",19.3352868324089,43.7097541470394
"CD19","cg15696968","#A6CEE3",18.8115678814324,43.1799681072892
"CD19","cg16323293","#A6CEE3",22.0311209532568,45.442042807021
"CD19","cg10696539","#A6CEE3",16.1032365065731,41.4827278065135
"CD19","cg08595490","#A6CEE3",21.7312385295268,45.5864665935923
"CD19","cg27586410","#A6CEE3",24.4681667515939,47.0561647814922
"CD19","cg26542461","#A6CEE3",22.1392002033219,45.6070213432836
"CD19","cg07637440","#A6CEE3",17.3360580100208,42.1126267005872
"CD19","cg13651690","#A6CEE3",24.1853590328905,46.9248441028643
"CD19","cg11683191","#A6CEE3",19.5428467297169,42.6987980709125
"CD19","cg09548638","#A6CEE3",19.5832193218774,42.2768151126952
"CD19","cg05051734","#A6CEE3",23.9559078410834,46.3769617768161
"CD19","cg10836509","#A6CEE3",19.7639411479514,42.5959376271144
"CD19","cg00253346","#A6CEE3",12.6494946607565,39.0395625427705
"CD19","cg18187680","#A6CEE3",-62.8032230674645,-8.66175185923013
"CD19","cg01768814","#A6CEE3",-63.4440085922947,-7.80138147213143
"CD14","cg23244761","#B2DF8A",40.8114119321764,-10.3812032687965
"CD14","cg26538782","#B2DF8A",41.802034284118,-7.95290589320261
"CD14","cg10480329","#B2DF8A",40.3381113383235,-9.57239087574304
"CD14","cg19301114","#B2DF8A",38.0699601867652,-4.0825333560504
"CD14","cg18066690","#B2DF8A",40.2421825940974,-9.33234750456585
"CD14","cg16636767","#B2DF8A",39.8995097974939,-9.79511159817899
"CD14","cg25898577","#B2DF8A",40.5883102539594,-3.25883026724775
"CD14","cg00701951","#B2DF8A",40.9837674861153,-2.91741511610516
"CD14","cg23391288","#B2DF8A",40.4077866370651,-8.62059890446951
"CD14","cg10624395","#B2DF8A",40.229959499893,-8.44481941926795
"CD14","cg08538581","#B2DF8A",39.9747814929999,-0.864734504036975
"CD14","cg00208012","#B2DF8A",40.343145737861,-6.87590170414003
"CD14","cg07002540","#B2DF8A",40.1908113679511,-3.12448059445685
"CD14","cg20641531","#B2DF8A",41.9413940947436,-3.22736993671539
"CD14","cg08908131","#B2DF8A",37.9320174945511,-4.11492480265045
"CD14","cg01024962","#B2DF8A",41.3363428660649,-7.8063293315614
"CD14","cg10278149","#B2DF8A",41.0116718618997,-1.84631953757978
"CD14","cg08694574","#B2DF8A",41.6840213804896,-3.25232782375671
"CD14","cg21459713","#B2DF8A",40.0516998737791,-7.49244304694919
"CD14","cg02780988","#B2DF8A",38.1548537141679,-3.62221043087748
"CD14","cg05242065","#B2DF8A",40.5004385383721,-5.9742904347284
"CD14","cg02244028","#B2DF8A",39.9122237195018,-7.02525154389992
"CD14","cg04468741","#B2DF8A",41.2177980631819,-4.73037538641911
"CD14","cg13781869","#B2DF8A",39.427927312525,-9.29939572697182
"CD14","cg04851465","#B2DF8A",38.9225704763159,-6.93353309349395
"CD14","cg01110616","#B2DF8A",41.1503602630903,-2.75185126855097
"CD14","cg20918393","#B2DF8A",37.6383119096016,-11.2631312425307
"CD14","cg22675702","#B2DF8A",39.2896754225711,-3.5812114293753
"CD14","cg24365417","#B2DF8A",40.3018562041114,-1.9484796299437
"CD14","cg25517015","#B2DF8A",40.4244997468975,-2.65694609993107
"CD14","cg13290254","#B2DF8A",39.1165482450951,-8.76795084557806
"CD14","cg04478930","#B2DF8A",39.6637603702541,-5.50509244560782
"CD14","cg27366072","#B2DF8A",40.8165870103971,-1.63369103955575
"CD14","cg12192282","#B2DF8A",37.6394264487184,-2.9061781702103
"CD14","cg07457727","#B2DF8A",39.2755908233821,-8.02483677816295
"CD14","cg16356013","#B2DF8A",40.0585817678778,-4.40991392078159
"CD14","cg19015847","#B2DF8A",37.9717669863758,-9.68871053002714
"CD14","cg13313836","#B2DF8A",37.7873611560816,-6.64400569830582
"CD14","cg11664417","#B2DF8A",38.1597043530341,-9.1147161754149
"CD14","cg07099567","#B2DF8A",39.3714211440639,-2.36156896625509
"CD14","cg00646216","#B2DF8A",37.8433147715433,-7.60006657800746
"CD14","cg22209723","#B2DF8A",36.334908755033,-11.0935919807494
"CD14","cg22056336","#B2DF8A",38.9265536687594,-8.14509084505594
"CD14","cg26953469","#B2DF8A",37.6366130023789,-7.40528768208379
"CD14","cg04764839","#B2DF8A",39.4981180418973,-4.82007836190185
"CD14","cg16766036","#B2DF8A",34.6258891884995,-12.6428694540295
"CD14","cg25765315","#B2DF8A",37.4901634525889,-8.76814600741688
"CD14","cg27057036","#B2DF8A",37.4294389002172,-8.42927634632694
"CD14","cg22694983","#B2DF8A",36.9282827896722,-6.8351268262246
"CD14","cg15310871","#B2DF8A",34.9850941065966,-10.1932706691476
"CD14","cg05612654","#B2DF8A",35.533748730332,-9.53918809094681
"CD14","cg12893373","#B2DF8A",34.6745264879931,-8.02057419518729
"CD14","cg17601191","#B2DF8A",36.0272105181592,-8.05641334646938
"CD14","cg06601993","#B2DF8A",36.854471285082,-9.02419603894501
"CD14","cg07328987","#B2DF8A",34.6447254599246,-8.02591824644593
"CD14","cg20433382","#B2DF8A",35.592505773066,-4.12512016912861
"CD14","cg20212077","#B2DF8A",35.6713834249936,-3.84255732435896
"CD14","cg07185664","#B2DF8A",35.4746901980882,-6.3336642154502
"CD14","cg00357988","#B2DF8A",34.4248804738721,-7.32201011898198
"CD14","cg15450349","#B2DF8A",34.3561873248968,-8.30882219939546
"CD14","cg05452742","#B2DF8A",33.3290640942115,-11.9246737039624
"CD14","cg10967114","#B2DF8A",33.6955646008807,-11.2608691870896
"CD14","cg14872074","#B2DF8A",36.9459624799444,-1.23769606043855
"CD14","cg00177203","#B2DF8A",33.1406911857211,-11.7081076970945
"CD14","cg21385052","#B2DF8A",33.232799273146,-12.196856494984
"CD14","cg04977602","#B2DF8A",36.946918245323,-1.1751705014556
"CD14","cg08454015","#B2DF8A",35.1319580103909,-5.93558857468248
"CD14","cg19380581","#B2DF8A",32.776297789886,-11.9536722227173
"CD14","cg03055440","#B2DF8A",33.97061915344,-7.26089811638951
"CD14","cg22081096","#B2DF8A",34.1645989136052,-5.21229340841057
"CD14","cg04710661","#B2DF8A",32.90005577543,-7.79687792039204
"CD14","cg09907068","#B2DF8A",31.4027410825275,-10.8400503346366
"CD14","cg24446326","#B2DF8A",35.1202371863598,-3.64741260589393
"CD14","cg02032872","#B2DF8A",32.4628324593227,-10.5415776087666
"CD14","cg06165982","#B2DF8A",31.2532754843749,-11.3449587443519
"CD14","cg20860642","#B2DF8A",34.5743188414724,-4.95156430112769
"CD14","cg23497611","#B2DF8A",32.2213989233512,-9.51316903368001
"CD14","cg03224812","#B2DF8A",32.1349428346611,-8.73644868831651
"CD14","cg26338202","#B2DF8A",31.3905691533156,-6.86328995146056
"CD14","cg07795766","#B2DF8A",29.0195730118192,-15.4660736463384
"CD14","cg21935981","#B2DF8A",29.607880951484,-14.6671717723921
"CD14","cg01941278","#B2DF8A",32.3031668591708,-8.019086061563
"CD14","cg18010348","#B2DF8A",30.9390701058906,-12.674536338323
"CD14","cg18642425","#B2DF8A",29.6716453675186,-14.1357852549042
"CD14","cg20867674","#B2DF8A",31.6535076351227,-6.60569399553476
"CD14","cg06694826","#B2DF8A",-23.8980628309888,1.65082450740126
"CD14","cg11682858","#B2DF8A",30.0684074815114,-9.89576595125409
"CD14","cg18770758","#B2DF8A",29.4821603260418,-13.5063241981897
"CD14","cg14375050","#B2DF8A",29.5661258799373,-12.8411112728058
"CD14","cg26971423","#B2DF8A",28.9534741834495,-13.6207122001107
"CD14","cg27158011","#B2DF8A",29.5162023907267,-10.9616081562211
"CD14","cg17890233","#B2DF8A",29.1911397028849,-12.0457014207912
"CD14","cg12458039","#B2DF8A",25.4910647159942,-19.5863567158766
"CD14","cg15316734","#B2DF8A",28.7920827227296,-12.4197865510083
"CD14","cg20108872","#B2DF8A",28.4955429159116,-13.7600028332787
"CD14","cg16620283","#B2DF8A",27.670839188607,-15.6382803598682
"CD14","cg05141695","#B2DF8A",25.3664764164536,-19.771088028907
"CD14","cg15929771","#B2DF8A",27.9515561012931,-14.9131144359147
"CD14","cg11298524","#B2DF8A",27.9076874686339,-12.7721232843538
"CD14","cg18231025","#B2DF8A",28.6764071381003,-10.5546576468494
"CD14","cg25214561","#B2DF8A",28.9178114866057,-10.8135321438731
"CD14","cg18405880","#B2DF8A",28.2068463245052,-10.9838627333319
"CD14","cg17324671","#B2DF8A",25.8607850804107,-17.4533237304095
"CD14","cg14781778","#B2DF8A",28.4038822009356,-11.8782480840145
"CD14","cg04934519","#B2DF8A",28.0122095803483,-11.6890482504128
"CD14","cg23952578","#B2DF8A",24.9423232594822,-20.1184169779216
"CD14","cg08268692","#B2DF8A",26.8684572690575,-14.4924549826904
"CD14","cg00383081","#B2DF8A",26.5981318449288,-14.2666465357349
"CD14","cg12251779","#B2DF8A",27.9624816066039,-9.3099534588782
"CD14","cg17827328","#B2DF8A",24.9540799923219,-20.4317816427223
"CD14","cg17936145","#B2DF8A",25.5933898197708,-16.2469622535325
"CD14","cg16288101","#B2DF8A",26.6576535530999,-12.3173556738557
"CD14","cg25458147","#B2DF8A",26.1747481274136,-13.4426415052321
"CD14","cg13319841","#B2DF8A",25.3142127848582,-15.6711648444067
"CD14","cg06294954","#B2DF8A",26.0283421873409,-13.0761073842779
"CD14","cg02524336","#B2DF8A",27.5499497326784,-8.80474736484178
"CD14","cg06351055","#B2DF8A",24.5514605926526,-16.1038981467138
"CD14","cg21223341","#B2DF8A",24.7653484672054,-20.8618970353019
"CD14","cg19716542","#B2DF8A",25.1982368719801,-14.0410292392793
"CD14","cg27299526","#B2DF8A",24.8317027082268,-13.9186215192317
"CD14","cg20078807","#B2DF8A",23.8647044139782,-16.0079675811091
"CD14","cg06400255","#B2DF8A",24.7177768553593,-14.2617562776803
"CD14","cg05306029","#B2DF8A",23.6965099678853,-16.4922365735406
"CD14","cg13152501","#B2DF8A",23.8850727608655,-15.6237370643629
"CD14","cg01498219","#B2DF8A",23.246333176193,-16.4332875354412
"CD14","cg17812026","#B2DF8A",17.0230619354118,-32.882886775955
"CD8","cg25939861","#FF7F00",-7.25050502641114,-16.0882876945271
"CD8","cg00219921","#FF7F00",-6.84887451499114,-16.4446375202287
"CD8","cg04329870","#FF7F00",-6.48057338342163,-15.8896846916638
"CD8","cg18857618","#FF7F00",-6.18923744460197,-16.2199978306498
"CD8","cg18174654","#FF7F00",-6.00565021952947,-16.5061695969906
"CD8","cg06419846","#FF7F00",-3.96683308728576,-18.8772788899042
"CD8","cg11067179","#FF7F00",-5.44112960321696,-16.2571263404461
"CD8","cg05496363","#FF7F00",-5.61449338329414,-15.8031367551706
"CD8","cg08506127","#FF7F00",-21.3555343839084,4.90015132392218
"CD8","cg01002223","#FF7F00",-3.70702408512562,-18.7353968813779
"CD8","cg12344862","#FF7F00",-5.41092471841296,-15.3174780387694
"CD8","cg07702659","#FF7F00",-4.52829199899478,-16.4361585436053
"CD8","cg24345747","#FF7F00",-22.0827909223962,4.69311732954189
"CD8","cg12480903","#FF7F00",-26.0979635347529,0.0338306820411064
"CD8","cg09318840","#FF7F00",-22.1569117277551,4.5123198920586
"CD8","cg17851021","#FF7F00",-3.64755650163694,-17.3861617268783
"CD8","cg19410791","#FF7F00",-22.5137243964234,4.09848707641448
"CD8","cg01949403","#FF7F00",-3.84810982994071,-16.9175782744783
"CD8","cg20840456","#FF7F00",-3.70613093130384,-17.7882896294106
"CD8","cg09543427","#FF7F00",-24.5062097956221,0.544670708727437
"CD8","cg21648425","#FF7F00",-20.7062307135497,4.69846525332562
"CD8","cg13571479","#FF7F00",-21.6232242419436,4.20588545043325
"CD8","cg18830527","#FF7F00",-22.9682842564762,3.63486787750406
"CD8","cg11958495","#FF7F00",-22.8514094960686,0.736147459935018
"CD8","cg20367218","#FF7F00",-2.863889346411,-17.8879665870277
"CD8","cg22213242","#FF7F00",-3.42036430465788,-16.9810450608491
"CD8","cg22556056","#FF7F00",-2.80872505608736,-17.3044893594098
"CD8","cg14171188","#FF7F00",-2.65266770929711,-17.3967276076748
"CD8","cg01847441","#FF7F00",-4.763597605876,-14.6721203517043
"CD8","cg09205751","#FF7F00",-2.70047968081832,-16.7926248780385
"CD8","cg14027234","#FF7F00",-18.9590410457527,4.53996869498465
"CD8","cg01474925","#FF7F00",-0.460561187133548,-19.8908526964416
"CD8","cg25554283","#FF7F00",-55.3949734897072,0.776718565328178
"CD8","cg20383347","#FF7F00",-1.14891172743921,-17.8715727927675
"CD8","cg27481559","#FF7F00",-25.4461585449607,1.45408382957343
"CD8","cg13681325","#FF7F00",-0.895391434080202,-16.3100194844108
"CD8","cg21164741","#FF7F00",-1.3473764207835,-18.2781716821153
"CD8","cg08549241","#FF7F00",-1.35853044076149,-17.6791759996593
"CD8","cg16941568","#FF7F00",-23.2182063020341,1.1631234417261
"CD8","cg09567197","#FF7F00",-0.33141758246681,-20.0944397749647
"CD8","cg20492912","#FF7F00",-23.2400619032472,3.15419174161742
"CD8","cg12105450","#FF7F00",-54.1451577005505,0.331732597924222
"CD8","cg23675523","#FF7F00",-0.404341857867838,-18.528173532282
"CD8","cg13453424","#FF7F00",-0.624268011477514,-17.6985283306739
"CD8","cg07746532","#FF7F00",-54.2398794011026,0.344144680781575
"CD8","cg19598713","#FF7F00",-0.457504269946976,-17.0816586531597
"CD8","cg26880239","#FF7F00",-25.2345065425204,0.580919128781666
"CD8","cg04608004","#FF7F00",14.6992795736964,-28.6817731641746
"CD8","cg23799532","#FF7F00",-0.155641297129557,-18.4742794859584
"CD8","cg07754492","#FF7F00",-54.5761974275432,0.253409146398946
"CD8","cg06765022","#FF7F00",-0.150595736936617,-17.2384343427628
"CD8","cg06690168","#FF7F00",-47.0580118769554,-10.8188728369823
"CD8","cg08269389","#FF7F00",-54.646733420626,0.151625021717059
"CD8","cg14215728","#FF7F00",4.36503273610854,-13.2029553356635
"CD8","cg02540220","#FF7F00",13.9420883144099,-25.2575622162843
"CD8","cg11821440","#FF7F00",-70.1975839094364,-4.09358397705194
"CD8","cg04612073","#FF7F00",14.93844553954,-28.4154279542772
"CD8","cg15603424","#FF7F00",-70.0928090412332,-3.90118692840832
"CD8","cg02913089","#FF7F00",-47.6294158289881,-10.8950088831222
"CD8","cg02964396","#FF7F00",-70.4799024094511,-2.711240595382
"CD8","cg04859102","#FF7F00",-60.1379597495425,-1.8819119012355
"CD8","cg01709619","#FF7F00",-73.1022376421569,-0.375321156770508
"CD8","cg12838644","#FF7F00",-69.834604658632,-3.06736420573623
"CD8","cg23936745","#FF7F00",-68.9725355354678,-3.74567115959632
"CD8","cg18663341","#FF7F00",12.6311037296909,-17.8960128275551
"CD8","cg17352995","#FF7F00",-72.7201666436111,-0.180138332101378
"CD8","cg04496246","#FF7F00",-73.1034267353044,0.460089240648774
"CD8","cg09996288","#FF7F00",-77.1030740991515,2.65184879538076
"CD8","cg08350814","#FF7F00",-76.5633223320746,2.34425516725194
"CD8","cg25211525","#FF7F00",-77.8305659167454,4.92393466762152
"CD4","cg24462702","#E31A1C",7.24744414156302,-2.74807029829163
"CD4","cg12297231","#E31A1C",8.1114152318247,-2.83867634454182
"CD4","cg10837404","#E31A1C",9.34748515587725,-3.03468641905082
"CD4","cg05617307","#E31A1C",9.6226372894635,-3.0725331846015
"CD4","cg03419136","#E31A1C",4.94855266746826,-4.03694324150747
"CD4","cg14232368","#E31A1C",6.52349230713748,-3.74572069158077
"CD4","cg20737812","#E31A1C",7.00244225919002,-3.6797799561176
"CD4","cg13400249","#E31A1C",10.4002181903539,-3.61172911366615
"CD4","cg26986871","#E31A1C",-53.1233336502703,-16.2498453287544
"CD4","cg12047375","#E31A1C",9.6379655563487,-3.76336462853524
"CD4","cg07919695","#E31A1C",10.7289185413896,-3.764537705679
"CD4","cg04162316","#E31A1C",10.7727517343155,-4.57860142644843
"CD4","cg11157440","#E31A1C",7.58050155031312,-4.86806533485486
"CD4","cg11307417","#E31A1C",10.1445105368528,-4.60311232945966
"CD4","cg26852894","#E31A1C",9.00650885711461,-4.20582001800838
"CD4","cg24008435","#E31A1C",9.48955366674225,-4.46678565649749
"CD4","cg07489413","#E31A1C",-53.5031692298373,-15.8895635008532
"CD4","cg13164537","#E31A1C",-24.1903293887987,4.10138374669093
"CD4","cg03132824","#E31A1C",12.0355175288947,-5.22219299879074
"CD4","cg16375820","#E31A1C",8.99415826097201,-5.1353274602061
"CD4","cg13745692","#E31A1C",8.61700346666603,-5.49683682082244
"CD4","cg13500113","#E31A1C",5.25104226697451,-4.61492562472496
"CD4","cg03505866","#E31A1C",6.05247655942481,-4.96641467871593
"CD4","cg16921643","#E31A1C",11.1963802341633,-5.85690094779107
"CD4","cg15260951","#E31A1C",12.5434422626793,-6.74865334022171
"CD4","cg17983217","#E31A1C",-53.780994712326,-15.3388705353652
"CD4","cg21410980","#E31A1C",11.0820073394631,-6.08331629200424
"CD4","cg00330518","#E31A1C",10.833075887879,-6.50884899773674
"CD4","cg01364581","#E31A1C",5.72754444187839,-5.30676774878833
"CD4","cg05931551","#E31A1C",11.4360463930316,-6.44252895246838
"CD4","cg13142152","#E31A1C",8.00612837137774,-6.43841523699715
"CD4","cg10083258","#E31A1C",9.90222710373026,-7.05952326171474
"CD4","cg00314029","#E31A1C",8.99558591771123,-6.5493659551697
"CD4","cg23691894","#E31A1C",11.3222626775507,-7.04735755933475
"CD4","cg08486432","#E31A1C",7.09893112021882,-6.15349689533597
"CD4","cg26547698","#E31A1C",-54.2989712424166,-15.051923923423
"CD4","cg23005797","#E31A1C",15.1932284914712,-10.6545732490572
"CD4","cg25922624","#E31A1C",-23.9890648777429,3.81521982237408
"CD4","cg26389380","#E31A1C",-53.2525050101674,-15.0932126521665
"CD4","cg19030737","#E31A1C",5.73196920034322,-5.96389120277675
"CD4","cg16426321","#E31A1C",-22.2254153005542,1.59528182219233
"CD4","cg02487233","#E31A1C",7.13380396827229,-6.89706958524622
"CD4","cg18764192","#E31A1C",11.011705048259,-7.55151136670581
"CD4","cg00547365","#E31A1C",6.41919866875744,-6.52408664230936
"CD4","cg09963125","#E31A1C",9.08286241451556,-7.50779109555362
"CD4","cg17001464","#E31A1C",10.1645666895159,-7.84198664457649
"CD4","cg16394018","#E31A1C",-55.7382611670386,-13.9212817750332
"CD4","cg01701634","#E31A1C",-52.6879309331842,-14.7317845591667
"CD4","cg24004368","#E31A1C",12.1328242322133,-8.53711230681414
"CD4","cg18983126","#E31A1C",11.3425021731615,-8.82714543377184
"CD4","cg06649639","#E31A1C",5.52986359321807,-6.43138925759193
"CD4","cg06751398","#E31A1C",11.1337554076255,-8.89246348643733
"CD4","cg17858328","#E31A1C",-58.8822886968483,-12.6066111426992
"CD4","cg21377860","#E31A1C",14.777329595063,-11.466815661668
"CD4","cg18883472","#E31A1C",13.8458999900657,-11.3535865331816
"CD4","cg10493055","#E31A1C",9.99922571850105,-9.40899218693359
"CD4","cg13549904","#E31A1C",9.46269739267314,-9.31212781866606
"CD4","cg18576301","#E31A1C",15.0398210581541,-11.7841932174329
"CD4","cg06486093","#E31A1C",-55.1079667373986,-13.2620034725534
"CD4","cg19918145","#E31A1C",14.7877472347813,-12.1223065985197
"CD4","cg01490733","#E31A1C",-22.4789123099909,2.07448787748701
"CD4","cg13637151","#E31A1C",13.9601252152373,-11.8083849422968
"CD4","cg10851763","#E31A1C",-52.3577948535369,-14.253076907286
"CD4","cg25428740","#E31A1C",-54.5747507741495,-13.3409138636424
"CD4","cg13151751","#E31A1C",10.6661875601004,-10.1705525633545
"CD4","cg21348406","#E31A1C",-59.0174315760461,-12.5772707952574
"CD4","cg19949530","#E31A1C",10.3160303763066,-9.92583589123934
"CD4","cg18207999","#E31A1C",-56.2713897862492,-12.6383486591468
"CD4","cg05176211","#E31A1C",6.28256925031203,-7.71753617028735
"CD4","cg24647031","#E31A1C",13.1567042308269,-11.7274219439206
"CD4","cg01782826","#E31A1C",-54.5690498168465,-12.5617768159158
"CD4","cg03535253","#E31A1C",19.8930780413877,-25.6732474015191
"CD4","cg00705661","#E31A1C",20.0191768928914,-25.7473171438911
"CD4","cg05014660","#E31A1C",-54.272421382704,-12.8997153168667
"CD4","cg07340499","#E31A1C",11.8445762431803,-11.0039541791074
"CD4","cg16679650","#E31A1C",-53.9324503867847,-13.0054008099242
"CD4","cg17384323","#E31A1C",10.8423326656092,-10.3564450148358
"CD4","cg20312962","#E31A1C",13.972542178024,-12.585402691848
"CD4","cg27093944","#E31A1C",-55.2433409789302,-12.7653514421563
"CD4","cg26304744","#E31A1C",13.3606230654381,-12.3705933261818
"CD4","cg06074534","#E31A1C",19.6099613081558,-25.7882640444276
"CD4","cg16410115","#E31A1C",-53.9036865343946,-12.9660612456707
"CD4","cg20816104","#E31A1C",-22.6251613880196,2.09191030363403
"CD4","cg13751330","#E31A1C",9.57070965187561,-10.0795106739066
"CD4","cg02072515","#E31A1C",12.2134828852431,-12.2672194676648
"CD4","cg26302760","#E31A1C",18.3394120641074,-23.8525871482333
"CD4","cg25294526","#E31A1C",19.3596264397066,-26.0311310082244
"CD4","cg20186907","#E31A1C",12.9733500248725,-13.1306812100775
"CD4","cg26127425","#E31A1C",18.4232216902829,-24.0952143010787
"CD4","cg24033742","#E31A1C",13.410051932139,-13.2486971175264
"CD4","cg20972199","#E31A1C",-55.2161593951375,-10.6874198307601
"CD4","cg19722656","#E31A1C",-64.2218546921983,-5.60086455171425
"CD4","cg04663932","#E31A1C",-55.5132474414984,-9.76039505537735
"CD4","cg22105534","#E31A1C",11.2745177168642,-16.1665880461919
"CD4","cg10788213","#E31A1C",16.3109852688007,-31.3372470265325
"CD4","cg11036279","#E31A1C",-55.8439795499437,-9.52270141154317
"CD56","cg13617280","#FDBF6F",-6.91983505748873,-37.1431839473033
"CD56","cg01144218","#FDBF6F",-5.47544808880353,-37.5176171692944
"CD56","cg23015664","#FDBF6F",-5.20376785784772,-37.6567548106214
"CD56","cg13995453","#FDBF6F",-6.42011228611963,-36.2298004154619
"CD56","cg02195105","#FDBF6F",-7.06197192245464,-35.5713783888522
"CD56","cg04736625","#FDBF6F",-6.40983695863428,-35.737542113699
"CD56","cg05148385","#FDBF6F",-5.56067605049009,-36.265027548737
"CD56","cg04064701","#FDBF6F",-5.27405549935992,-35.8918913590418
"CD56","cg19915997","#FDBF6F",-6.71283787674975,-34.9862747026079
"CD56","cg15705930","#FDBF6F",-6.02664730122935,-34.8262913804693
"CD56","cg27274718","#FDBF6F",-1.67377303159852,-36.6254611065472
"CD56","cg27026192","#FDBF6F",-8.98494576250359,-29.3484454380262
"CD56","cg25386954","#FDBF6F",-4.96175401838391,-35.2040923396139
"CD56","cg07873128","#FDBF6F",-4.61890897384146,-35.0259436914605
"CD56","cg00942495","#FDBF6F",0.596569456991925,-36.3119016799465
"CD56","cg24410690","#FDBF6F",-0.266950941824158,-35.6401428008099
"CD56","cg08625996","#FDBF6F",-3.43702576932873,-34.3724798816152
"CD56","cg05253716","#FDBF6F",-1.51086773588924,-35.1216649501753
"CD56","cg09278623","#FDBF6F",-3.6880501901933,-35.1348931277947
"CD56","cg21777154","#FDBF6F",-8.01063227324617,-30.2246972839783
"CD56","cg05421487","#FDBF6F",-3.25436257183003,-34.5805272389646
"CD56","cg03891962","#FDBF6F",-7.64990214711431,-30.9520170289968
"CD56","cg16316183","#FDBF6F",-5.41477787030518,-32.4985303816939
"CD56","cg12912920","#FDBF6F",-6.57303257076796,-31.5422818786441
"CD56","cg19954234","#FDBF6F",-2.05840930610634,-35.1755493149711
"CD56","cg15559940","#FDBF6F",0.694105714677601,-35.2460407353251
"CD56","cg01080424","#FDBF6F",-3.13916411734759,-35.6581892110325
"CD56","cg14159576","#FDBF6F",-7.19569770774391,-30.9303306723437
"CD56","cg25426716","#FDBF6F",-2.75422535942199,-33.9655946087083
"CD56","cg16360310","#FDBF6F",-6.11957531759033,-31.5663929012483
"CD56","cg02373104","#FDBF6F",-1.94395205806061,-35.1638276161132
"CD56","cg18304186","#FDBF6F",-2.12233814758521,-33.6348843267502
"CD56","cg23060465","#FDBF6F",7.01167718269426,-35.0831659114852
"CD56","cg16183122","#FDBF6F",7.30053852941714,-35.2760931719216
"CD56","cg15259233","#FDBF6F",-1.95362124999363,-33.4191909025025
"CD56","cg13390484","#FDBF6F",-2.97798241739753,-36.2006846371355
"CD56","cg00462849","#FDBF6F",2.44384487362972,-34.5663626582066
"CD56","cg09689296","#FDBF6F",-4.27349937664447,-32.2030541244004
"CD56","cg02400146","#FDBF6F",-2.81279157743204,-33.2920136370129
"CD56","cg23001370","#FDBF6F",-5.56460913045663,-30.9247458587916
"CD56","cg21275838","#FDBF6F",0.197770781270191,-34.1151186379386
"CD56","cg19353949","#FDBF6F",-6.43374719993453,-30.7559537121442
"CD56","cg23435567","#FDBF6F",1.42738478128585,-34.2422720526201
"CD56","cg23071286","#FDBF6F",-3.46692777694826,-32.401933072218
"CD56","cg12274567","#FDBF6F",0.453405174794162,-33.4762263162708
"CD56","cg10117603","#FDBF6F",2.48977122551458,-34.1025189741567
"CD56","cg22124368","#FDBF6F",-0.367698011081342,-33.1339532071043
"CD56","cg22352434","#FDBF6F",9.88011507394886,-35.1000965291299
"CD56","cg03368758","#FDBF6F",2.04659044319991,-35.0283174223607
"CD56","cg10592926","#FDBF6F",6.56867961301417,-34.3686716484336
"CD56","cg15876825","#FDBF6F",9.52800412357484,-34.6266961412154
"CD56","cg17850498","#FDBF6F",-6.05909480241441,-30.3672747508701
"CD56","cg22402398","#FDBF6F",2.69924558629219,-33.7756413443711
"CD56","cg25846372","#FDBF6F",-4.30927954566892,-31.1103119074345
"CD56","cg02359506","#FDBF6F",1.5852156401398,-33.727948215372
"CD56","cg14525703","#FDBF6F",-2.85807068098213,-31.94621731896
"CD56","cg25387540","#FDBF6F",-5.4079096130649,-30.1223901527484
"CD56","cg03032253","#FDBF6F",2.99113292344449,-33.4643151256303
"CD56","cg18656873","#FDBF6F",-9.20921303909331,-29.0572224828728
"CD56","cg24531714","#FDBF6F",3.49964265169296,-33.803534641497
"CD56","cg25352200","#FDBF6F",0.317984316054899,-32.7672483621706
"CD56","cg07106737","#FDBF6F",-6.06864101735961,-30.1968357713741
"CD56","cg20435267","#FDBF6F",-2.23678115063058,-31.3742337327778
"CD56","cg00449738","#FDBF6F",5.21761197271337,-33.7123061764887
"CD56","cg17566718","#FDBF6F",10.7688890109393,-34.1917242911484
"CD56","cg24036612","#FDBF6F",-1.18611114867131,-31.1494412796879
"CD56","cg14026109","#FDBF6F",-4.2442145453697,-30.0769588249637
"CD56","cg03208044","#FDBF6F",2.43970220550498,-32.5068488127831
"CD56","cg19462022","#FDBF6F",1.2086655618319,-31.984392920575
"CD56","cg09273030","#FDBF6F",4.86387213941092,-32.8909703542599
"CD56","cg12803060","#FDBF6F",10.0332060065236,-33.93748212141
"CD56","cg10784668","#FDBF6F",7.47723318600022,-33.3800669107236
"CD56","cg18254586","#FDBF6F",-2.85444129789406,-30.2542847650465
"CD56","cg03726963","#FDBF6F",6.13211029123741,-33.216876173816
"CD56","cg19349476","#FDBF6F",0.0603783780878073,-31.167715795908
"CD56","cg05227215","#FDBF6F",7.91540473617154,-33.150811324177
"CD56","cg15690475","#FDBF6F",11.6618148406951,-34.0351977387333
"CD56","cg09527123","#FDBF6F",0.291186402870814,-31.4501197703137
"CD56","cg22521333","#FDBF6F",11.0002480433836,-33.8209011370969
"CD56","cg21133251","#FDBF6F",4.85729623063723,-32.4899702032746
"CD56","cg20039163","#FDBF6F",-1.26654820381472,-29.6579975144805
"CD56","cg05780020","#FDBF6F",6.82583231628385,-32.8590214186096
"CD56","cg14396758","#FDBF6F",5.83984031012929,-32.7384807784738
"CD56","cg02176148","#FDBF6F",9.53289132411845,-33.4327057057157
"CD56","cg15319380","#FDBF6F",-0.938264840683698,-30.2943205450851
"CD56","cg21838952","#FDBF6F",4.48711985853373,-31.7572164994977
"CD56","cg26505319","#FDBF6F",8.93127875012352,-33.0926519300361
"CD56","cg02099410","#FDBF6F",-3.54707529258985,-29.5502979523933
"CD56","cg18688392","#FDBF6F",-2.04915883239012,-29.9597465885957
"CD56","cg21510189","#FDBF6F",-21.6662467058248,2.58398629735745
"CD56","cg16957824","#FDBF6F",-3.3986274027124,-29.470799621946
"CD56","cg25754852","#FDBF6F",-1.65117042371405,-29.974549245021
"CD56","cg26107055","#FDBF6F",6.52222882362806,-32.1040499576007
"CD56","cg12298955","#FDBF6F",12.3209763591297,-33.4736432918801
"CD56","cg24612059","#FDBF6F",12.5428287558938,-33.7863644938351
"CD56","cg06396324","#FDBF6F",-2.54481663611367,-29.463335750475
"CD56","cg09856284","#FDBF6F",8.75264764494088,-32.2750557174171
"CD56","cg15393025","#FDBF6F",12.7831009163992,-33.6957765231384
"CD56","cg14330479","#FDBF6F",13.0709624104789,-33.0486174305886
"CD56","cg14685146","#FDBF6F",5.80068871737452,-30.7315732738288
"CD56","cg09590897","#FDBF6F",-3.95531496496013,-28.7297694210834
"CD56","cg26916576","#FDBF6F",13.2947499323693,-33.4750925378259
"CD56","cg04313875","#FDBF6F",-73.693764908382,-0.830757131829317
"CD56","cg02965892","#FDBF6F",8.53222796623802,-31.6856412235223
"CD56","cg11573093","#FDBF6F",12.5022107230481,-32.350849280015
"CD56","cg05350879","#FDBF6F",-0.207338305791087,-28.7709894487482
"CD56","cg24952408","#FDBF6F",8.74649383740844,-31.6220522108201
"CD56","cg17742418","#FDBF6F",5.86283684972177,-30.3207316660551
"CD56","cg18212924","#FDBF6F",6.99131248946328,-30.7249022503727
"CD56","cg10187479","#FDBF6F",5.69063659721693,-29.9890029245245
"CD56","cg05800377","#FDBF6F",14.9272857591677,-32.8140185147957
"CD56","cg13350140","#FDBF6F",14.8666295114022,-32.0690833821227
"Eosin","cg12213680","#1F78B4",42.9429018310187,-55.02078265106
"Eosin","cg26103369","#1F78B4",43.4261661025213,-51.3945170413687
"Eosin","cg05078091","#1F78B4",43.287355687043,-51.0050505437671
"Eosin","cg20240243","#1F78B4",43.7795102972579,-52.7658076483736
"Eosin","cg01953317","#1F78B4",43.4355010490321,-52.0907212045762
"Eosin","cg18348836","#1F78B4",41.8074538435325,-54.494656575377
"Eosin","cg18349241","#1F78B4",43.0196066617159,-52.237275244787
"Eosin","cg08077807","#1F78B4",41.9661020811237,-54.1469439731307
"Eosin","cg18380211","#1F78B4",42.2112516973517,-55.3707146969658
"Eosin","cg09797433","#1F78B4",42.4670616289849,-52.5807287987454
"Eosin","cg08223760","#1F78B4",42.0308322560411,-53.1432034810398
"Eosin","cg23172995","#1F78B4",41.3841710736416,-55.714969555089
"Eosin","cg18966140","#1F78B4",42.7481354638844,-51.4966199928938
"Eosin","cg12910830","#1F78B4",42.9709144836513,-53.8752280365554
"Eosin","cg10454864","#1F78B4",42.7128382693383,-50.1052883648388
"Eosin","cg02494549","#1F78B4",41.9992825467532,-53.7850004293041
"Eosin","cg04476877","#1F78B4",41.7054719256284,-52.700978594004
"Eosin","cg13872812","#1F78B4",42.6582104293737,-49.721569846996
"Eosin","cg22221575","#1F78B4",38.3789891596223,-57.9436552421512
"Eosin","cg04365699","#1F78B4",40.053064205768,-57.4263830883937
"Eosin","cg00006459","#1F78B4",41.2461090512831,-54.3174538042362
"Eosin","cg06665913","#1F78B4",43.0194609756261,-57.3381393087241
"Eosin","cg14783123","#1F78B4",42.4380756378939,-53.1486386576076
"Eosin","cg09696385","#1F78B4",42.9552562460394,-57.2033403635118
"Eosin","cg26749306","#1F78B4",40.270034034753,-54.7452150100045
"Eosin","cg14419441","#1F78B4",37.8460255878088,-58.5687059796061
"Eosin","cg22543648","#1F78B4",41.9196650724194,-51.3958409991029
"Eosin","cg27224986","#1F78B4",39.6071625685415,-55.9584219678488
"Eosin","cg11841863","#1F78B4",40.5527310057886,-55.9305782033661
"Eosin","cg18254848","#1F78B4",39.4168859868737,-54.5638929916929
"Eosin","cg02007259","#1F78B4",38.1548474709147,-57.4344242289628
"Eosin","cg21261709","#1F78B4",37.7882785703966,-56.466522982205
"Eosin","cg06648780","#1F78B4",40.6226106334786,-54.3493218012464
"Eosin","cg12192145","#1F78B4",36.6293178876783,-57.8195126743365
"Eosin","cg11668148","#1F78B4",37.9785711581857,-57.8733559498758
"Eosin","cg20282837","#1F78B4",43.8439413489706,-53.7328200315185
"Eosin","cg19377326","#1F78B4",40.7464999195446,-53.1661805797517
"Eosin","cg14288925","#1F78B4",39.6514011362055,-53.5983733461998
"Eosin","cg14467794","#1F78B4",39.9880312104702,-54.1502501187667
"Eosin","cg12377972","#1F78B4",36.826660208109,-57.407620785932
"Eosin","cg06620016","#1F78B4",39.4275168179082,-55.4116013100447
"Eosin","cg19884556","#1F78B4",35.2445175390292,-58.6764060303064
"Eosin","cg11197258","#1F78B4",41.6537781118081,-51.2220218053309
"Eosin","cg05690260","#1F78B4",40.212569690085,-53.7544553289062
"Eosin","cg15710961","#1F78B4",37.4260394783805,-55.3013158046544
"Eosin","cg02031326","#1F78B4",34.0665110725492,-58.8590622394137
"Eosin","cg03014680","#1F78B4",37.0554761033848,-56.191514352559
"Eosin","cg04138746","#1F78B4",41.7711217911033,-49.2957579573447
"Eosin","cg12105691","#1F78B4",38.2354327797467,-54.7652329211635
"Eosin","cg11209521","#1F78B4",40.0228753135388,-51.7454140866867
"Eosin","cg13966095","#1F78B4",38.2783411351108,-55.8122929185995
"Eosin","cg15427040","#1F78B4",40.9766438939176,-49.5660801730253
"Eosin","cg07594613","#1F78B4",38.8364762637331,-52.2919719048604
"Eosin","cg18597415","#1F78B4",39.6619174275033,-48.6363577216062
"Eosin","cg17589056","#1F78B4",34.273173096933,-58.6974444231877
"Eosin","cg07050712","#1F78B4",38.0095222940809,-52.7051007845591
"Eosin","cg08166362","#1F78B4",33.6989384919871,-59.1745303746688
"Eosin","cg07633835","#1F78B4",35.924780675491,-56.2690228860064
"Eosin","cg18954925","#1F78B4",36.8758512062507,-54.6871827986485
"Eosin","cg16756949","#1F78B4",36.2479189574493,-53.3300858754701
"Eosin","cg00059879","#1F78B4",38.1342879227509,-50.3398720198836
"Eosin","cg26156120","#1F78B4",37.3519667566659,-51.2680336505922
"Eosin","cg19535004","#1F78B4",36.1911478534268,-54.7049307503381
"Eosin","cg24028828","#1F78B4",40.551473122402,-49.0065954164187
"Eosin","cg17726535","#1F78B4",37.1069623513748,-48.4515259326722
"Eosin","cg12198633","#1F78B4",35.6459357264961,-55.0905549717521
"Eosin","cg03448301","#1F78B4",35.8124364063686,-49.2404226484189
"Eosin","cg04569594","#1F78B4",36.1773857614186,-51.8944913873327
"Eosin","cg00156403","#1F78B4",34.2504428681122,-58.018859417353
"Eosin","cg25625457","#1F78B4",36.563680979282,-50.0109342351891
"Eosin","cg07295520","#1F78B4",36.3016835702699,-52.5101268177472
"Eosin","cg21876145","#1F78B4",36.0143704287622,-50.9999721337202
"Eosin","cg14924866","#1F78B4",35.0127818599195,-54.474325842402
"Eosin","cg04293770","#1F78B4",35.0565793966748,-53.5514060757542
"Eosin","cg16604391","#1F78B4",35.440237707959,-50.3790968852637
"Eosin","cg21805136","#1F78B4",33.3689430810256,-58.5240219475912
"Eosin","cg11757326","#1F78B4",34.454804952788,-54.16077805805
"Eosin","cg04793634","#1F78B4",34.8786793644032,-49.4889654425563
"Eosin","cg19390271","#1F78B4",32.7336250265374,-58.8939403232312
"Eosin","cg17233452","#1F78B4",35.2057388021264,-48.8619088215412
"Eosin","cg03455736","#1F78B4",35.1404891654696,-48.2931643414674
"Eosin","cg13753868","#1F78B4",33.6226366102653,-55.1588252170003
"Eosin","cg09386303","#1F78B4",33.7311729300288,-51.8069334876777
"Eosin","cg23716690","#1F78B4",32.7058850666242,-58.9431137700724
"Eosin","cg16658191","#1F78B4",34.0124812875881,-50.3877711615622
"Eosin","cg12451155","#1F78B4",34.3207961438221,-48.6965683895284
"Eosin","cg05581314","#1F78B4",34.4805328789693,-51.9402468865816
"Eosin","cg05157702","#1F78B4",33.5377736434771,-48.4254436744125
"Eosin","cg07335376","#1F78B4",32.9906289166455,-53.5938492929282
"Eosin","cg26425521","#1F78B4",28.0732090957575,-45.9900254525007
"Eosin","cg07236204","#1F78B4",33.879702798387,-53.2420396552667
"Eosin","cg09370463","#1F78B4",28.9547102000328,-46.2943478971143
"Eosin","cg09554099","#1F78B4",28.6182137633509,-46.0851685989835
"Eosin","cg19564017","#1F78B4",30.4150002747527,-46.4194479599405
"Eosin","cg02470179","#1F78B4",31.7823002826944,-46.6786206737761
"Eosin","cg13694466","#1F78B4",33.343962365283,-50.6536783620072
"Eosin","cg18367220","#1F78B4",31.1507143185658,-46.2742163614743
"Eosin","cg05157904","#1F78B4",33.6650339249489,-49.182301960772
"Eosin","cg21827955","#1F78B4",30.9650980158844,-47.1166281668093
"Eosin","cg03942390","#1F78B4",30.9510397174203,-46.2359281053219
"Eosin","cg18278943","#1F78B4",33.5559997627866,-50.0627581537705
"Eosin","cg18315834","#1F78B4",33.1539946753102,-46.2439677256106
"Eosin","cg08886063","#1F78B4",32.5883547876645,-52.4522728991206
"Eosin","cg06768361","#1F78B4",27.4046808802853,-46.179726051892
"Eosin","cg05914537","#1F78B4",28.9330577927686,-45.3733933437584
"Eosin","cg15515095","#1F78B4",30.1346275313913,-45.7217876403518
"Eosin","cg21831937","#1F78B4",29.2336206397079,-45.7035852593678
"Eosin","cg23514543","#1F78B4",28.2128253120275,-45.0136805249302
"Eosin","cg27215768","#1F78B4",27.418890450619,-44.4620967611885
"Eosin","cg11619782","#1F78B4",32.3832276294513,-45.2302994599591
"Eosin","cg05041984","#1F78B4",29.4254218025142,-44.8501680025908
"Eosin","cg18194655","#1F78B4",33.5584945713303,-44.8988835082696
"Eosin","cg21438613","#1F78B4",31.3188299035768,-44.2452320861085
"Eosin","cg00510330","#1F78B4",32.9237981309598,-57.371170711407
"Eosin","cg26358659","#1F78B4",29.4610033281079,-44.1143813645738
"Eosin","cg27405946","#1F78B4",32.7676333242287,-43.4872089927416
"Eosin","cg10370426","#1F78B4",32.2924319355916,-42.9676019119705
"Eosin","cg00599812","#1F78B4",28.765143719316,-43.6086714729604
"Eosin","cg11836949","#1F78B4",31.5141825037382,-51.911795071269
"Eosin","cg01453551","#1F78B4",32.2430389240543,-44.4721233269077
"Eosin","cg00990977","#1F78B4",32.376671652739,-44.1085762155964
"Eosin","cg08698580","#1F78B4",28.9431346395778,-43.1820268732474
"Eosin","cg02223962","#1F78B4",31.254360444132,-43.4798066662535
"Eosin","cg00586094","#1F78B4",31.857094383335,-53.0168422885537
"Eosin","cg20080878","#1F78B4",34.2248072166012,-43.9015221074712
"Eosin","cg27638778","#1F78B4",27.7198783724222,-42.3226850709259
"Eosin","cg24576940","#1F78B4",22.4582091154095,-37.6116112811581
"Eosin","cg14458002","#1F78B4",31.2447757444009,-43.0296617894641
"Eosin","cg24347422","#1F78B4",31.7524993570263,-43.0804760913809
"Eosin","cg08091601","#1F78B4",30.3622458184549,-42.0922927376572
"Eosin","cg07271869","#1F78B4",26.7043212653078,-41.211546973913
"Eosin","cg01881464","#1F78B4",27.2170209921394,-41.2663146103053
"Eosin","cg12679749","#1F78B4",27.3856418841672,-40.9728254667981
"Eosin","cg09982510","#1F78B4",29.9217011534757,-41.5260987373562
"Eosin","cg27094188","#1F78B4",30.1152161832688,-41.3807944001821
"Eosin","cg02670123","#1F78B4",24.1685272593275,-37.9510170663866
"Eosin","cg10152684","#1F78B4",23.1417016382392,-36.9920149433511
"Eosin","cg15907287","#1F78B4",29.58788903371,-40.751774641653
"Eosin","cg26790325","#1F78B4",28.5179663389323,-40.7301167930869
"Eosin","cg11267390","#1F78B4",32.7177804811845,-41.1617490360175
"Eosin","cg01782059","#1F78B4",23.2442727002629,-36.8478227039884
"Eosin","cg03736685","#1F78B4",28.8801681484245,-40.4106617840832
"Eosin","cg24350011","#1F78B4",22.4725916846625,-36.4340801293492
"Eosin","cg18484008","#1F78B4",28.3553282998739,-40.1168136668272
"Eosin","cg09588567","#1F78B4",31.0434801895468,-40.1065434623867
"Eosin","cg00989157","#1F78B4",26.9792358462243,-39.7675014210612
"Eosin","cg18363417","#1F78B4",32.6944403634744,-40.9908345531013
"Eosin","cg10291238","#1F78B4",28.408970620131,-39.6898876201462
"Eosin","cg03555710","#1F78B4",22.7439066156456,-36.1909692646322
"Eosin","cg12491594","#1F78B4",22.2269600447205,-35.782695774821
"Eosin","cg15598650","#1F78B4",24.5895574968709,-36.5803650712258
"Eosin","cg18778827","#1F78B4",29.3242693521101,-39.4879013976008
"Eosin","cg01104924","#1F78B4",29.791225545735,-39.3348832589197
"Eosin","cg17157894","#1F78B4",-50.0924651859499,-6.98876672778127
"Eosin","cg14629571","#1F78B4",28.6173448621105,-38.9963865245109
"Eosin","cg12650252","#1F78B4",23.2929976606942,-35.7051871951182
"Eosin","cg12646952","#1F78B4",24.6260790590287,-35.8938372982243
"Eosin","cg25461865","#1F78B4",29.3950692649602,-38.1930903195684
"Eosin","cg23910098","#1F78B4",20.8456709853447,-34.3663958014806
"Eosin","cg11965634","#1F78B4",24.5710961281823,-35.8341641186374
"Eosin","cg05012676","#1F78B4",19.8064425733939,-33.2057963199157
"Eosin","cg07584087","#1F78B4",12.0380511996485,-17.7354801504334
"Eosin","cg03150647","#1F78B4",18.5681345586237,-32.4737236353376
"Eosin","cg24688721","#1F78B4",18.152220970156,-32.8655618788325
"Eosin","cg16184737","#1F78B4",18.0947723819958,-32.6495248145301
"Eosin","cg04387175","#1F78B4",18.142040189169,-31.6745856803546
"Gran","cg07232642","#33A02C",-20.7114171074269,2.3677100615935
"Gran","cg23271099","#33A02C",8.52983573669364,-20.1416779289489
"Gran","cg10713232","#33A02C",8.43076583136885,-20.0279462755561
"Gran","cg10797552","#33A02C",7.59465227587566,-18.8079661678207
"Gran","cg10470368","#33A02C",10.4276341672885,-17.173929369957
"Gran","cg19744051","#33A02C",-19.6338700895417,3.86278438474373
"Gran","cg12876356","#33A02C",7.75212381645362,-16.6708379791014
"Gran","cg13723551","#33A02C",11.6703322741447,-20.6359019444881
"Gran","cg08678000","#33A02C",13.1447536361677,-16.2301113419291
"Gran","cg23854456","#33A02C",18.346666511514,-28.4800846775915
"Gran","cg06703222","#33A02C",-52.1651054267866,-3.7185101134525
"Gran","cg13392885","#33A02C",7.83795182957276,-16.4948819628328
"Gran","cg13052101","#33A02C",18.3652538685303,-29.1250694220513
"Gran","cg09243909","#33A02C",11.0374665986127,-18.3329835215736
"Gran","cg07234876","#33A02C",15.9077356903737,-30.2900128477247
"Gran","cg05071077","#33A02C",14.1368962323002,-17.8651891244315
"Gran","cg12578486","#33A02C",-52.2371823671379,-3.6669339270272
"Gran","cg10640168","#33A02C",18.0710595733415,-29.5060126697066
"Gran","cg12903171","#33A02C",-23.5484093904423,2.04520071781241
"Gran","cg23438040","#33A02C",4.60257563512633,-13.3120107816695
"Gran","cg21853542","#33A02C",-20.3043123871068,3.46233710564069
"Gran","cg21629528","#33A02C",-21.9186160037266,2.83976331498802
"Gran","cg05819130","#33A02C",-20.1883801453387,3.5327512860998
"Gran","cg16250402","#33A02C",12.0321482465092,-19.1588983504651
"Gran","cg20893203","#33A02C",-51.4816049333131,-6.53054742964536
"Gran","cg06471744","#33A02C",13.1780736996546,-18.4011968761189
"Gran","cg17404640","#33A02C",16.5312062299927,-25.620954061293
"Gran","cg16422814","#33A02C",15.1221147850883,-25.1935102331724
"Gran","cg25371692","#33A02C",-74.0220047339665,3.73287627217335
"Gran","cg12324831","#33A02C",-48.5806741020342,-9.1088055462249
"Gran","cg05692422","#33A02C",18.2315271005325,-30.8324061197818
"Gran","cg01759870","#33A02C",17.779127306534,-31.0667441203503
"Gran","cg01276497","#33A02C",15.743311114737,-23.323827456041
"Gran","cg27071065","#33A02C",16.1256240863496,-25.7315692871943
"Gran","cg24787889","#33A02C",-48.8396062119341,-9.40552663068546
"Gran","cg19079047","#33A02C",-22.9610170230407,2.4032358531062
"Gran","cg14462432","#33A02C",17.8045172236393,-30.4968440098779
"Gran","cg07542558","#33A02C",15.3329466491066,-22.8133930606061
"Gran","cg20643362","#33A02C",-53.3535461009093,-5.7957316395273
"Gran","cg14642833","#33A02C",-55.6836235984022,-4.34418887487717
"Gran","cg08658009","#33A02C",12.0724050813699,-17.0985281252691
"Gran","cg22771904","#33A02C",16.6334341867368,-26.4947964508742
"Gran","cg08664247","#33A02C",-66.7176174145947,-4.75008797317597
"Gran","cg02025938","#33A02C",-54.6423151318941,-5.64825349230942
"Gran","cg01952724","#33A02C",-49.4951706571621,-10.8952174799136
"Gran","cg16718999","#33A02C",17.3976256133852,-31.9229255076383
"Gran","cg04436889","#33A02C",-49.8112038345018,-8.84635917287404
"Gran","cg17405908","#33A02C",-54.138145435275,-6.51003949340329
"Gran","cg23811057","#33A02C",-52.1714056713648,-7.15175485388377
"Gran","cg20310071","#33A02C",-50.1935812655035,-9.99578073929976
"Gran","cg06911282","#33A02C",-58.642517576939,-4.05550075067182
"Gran","cg14200635","#33A02C",-49.6234138761846,-9.9135565949248
"Gran","cg09244754","#33A02C",-48.8789982043062,-11.2962923775522
"Gran","cg08951907","#33A02C",-50.0355748710755,-9.33877157720131
"Gran","ch.1.2344685R","#33A02C",-66.0809372965094,-1.06043880974095
"Gran","cg07432687","#33A02C",-57.1361402307634,-4.74118783817597
"Gran","cg11471939","#33A02C",-53.1904431151726,-7.73355202983831
"Gran","cg18464896","#33A02C",-73.9359981680723,2.54453845424172
"Gran","cg21887597","#33A02C",-49.4580591026762,-10.7639270964319
"Gran","cg08649954","#33A02C",-59.6454796667436,-6.52879534431314
"Gran","cg17239876","#33A02C",17.2293652954236,-31.3078353994471
"Gran","cg00630453","#33A02C",-56.1282581348405,-5.53006284955125
"Gran","cg13357812","#33A02C",-64.1155163252604,-1.6322110435064
"Gran","cg07499032","#33A02C",-52.633276692217,-7.41839573261814
"Gran","cg18123596","#33A02C",-49.0168231433639,-10.605689037695
"Gran","cg22307649","#33A02C",-51.7200683273967,-7.84073956232095
"Gran","cg05262316","#33A02C",-62.4825319319856,-4.96637286582416
"Gran","cg03977081","#33A02C",-65.9292992521227,-4.83096936611443
"Gran","cg14376436","#33A02C",-56.4626797754855,-6.01531786312991
"Gran","cg19497071","#33A02C",-54.0362994757959,-7.21425722721568
"Gran","cg11642891","#33A02C",16.8656344914182,-31.8119565301784
"Gran","cg13622267","#33A02C",-55.823294036736,-5.85154898457462
"Gran","cg02031597","#33A02C",-49.0178280519699,-10.4163728504547
"Gran","cg00584670","#33A02C",-67.7613902119266,-0.00106919191207144
"Gran","cg00388987","#33A02C",-62.8966742847018,-2.76044846319541
"Gran","cg10450178","#33A02C",-65.0763916308748,-1.56360172989851
"Gran","cg08793459","#33A02C",-59.5331750869058,-4.93895908532523
"Gran","cg08462292","#33A02C",-62.1983965877211,-4.3302576051309
"Gran","cg09352715","#33A02C",-54.6492138806256,-6.80607986928214
"Gran","cg01634057","#33A02C",-53.4729072194029,-6.97770700097069
"Gran","cg07400328","#33A02C",-51.0933707527909,-8.64378718983668
"Gran","cg08271918","#33A02C",-61.4901340926812,-2.61735949159137
"Gran","cg25417348","#33A02C",-57.3432512486155,-5.16490108884079
"Gran","cg00427822","#33A02C",-50.4968134680444,-9.21919845981311
"Gran","cg08899126","#33A02C",-68.3210553283663,-0.984004674132887
"Gran","cg00918762","#33A02C",-64.3421913723994,-2.58152752439026
"Gran","cg10927536","#33A02C",-61.4261766821982,-4.26439896462354
"Gran","cg12661229","#33A02C",-60.7810752745539,-4.25344074408927
"Gran","cg07674403","#33A02C",-68.9982747331382,0.419539890508933
"Gran","cg04386512","#33A02C",-63.9538234197959,-3.24478851200602
"Gran","cg10277146","#33A02C",-60.1055851547665,-3.54518811464878
"Gran","cg07395907","#33A02C",-61.1579984561031,-3.59429039797762
"Gran","cg17266562","#33A02C",-52.7318266347898,-7.79305554359447
"Gran","cg16427488","#33A02C",-60.263434336545,-4.31401989941491
"Gran","cg19297231","#33A02C",-63.9274874919752,-3.07631788674579
"Gran","cg00239061","#33A02C",-58.8789195951051,-4.9226762475035
"Gran","cg10103751","#33A02C",-58.1305603401003,-5.75451622072082
"Gran","cg16552822","#33A02C",-67.8517572266496,-0.774593603807061
"Gran","cg07773642","#33A02C",-63.8216312857949,-2.2423631243828
"Gran","cg16144934","#33A02C",-62.0399575511988,-3.52972962593089
"Gran","cg07443954","#33A02C",-62.7241639292042,-3.46431359348144
"Gran","cg17074454","#33A02C",-55.6145274566538,-6.53459160400243
"Gran","cg06351970","#33A02C",-55.0646877061459,-6.66553113065812
"Gran","cg23070585","#33A02C",-63.4335710274302,-3.14019017530687
"Gran","cg24802241","#33A02C",-65.37856485094,-2.57767321708836
"Gran","ch.11.310923R","#33A02C",-65.201961816124,-2.39178587588148
"Gran","cg01202312","#33A02C",-69.5990346824487,-0.00366804936099741
"Gran","cg07890514","#33A02C",-57.1522094293987,-6.07249261938917
"Gran","cg20979296","#33A02C",-68.7947242686747,-0.0899632794713647
"Gran","cg17225172","#33A02C",-62.9186886913335,-3.88836072745892
"Gran","cg20564913","#33A02C",-76.2829829493258,1.42320432627176
"Gran","cg13713052","#33A02C",-59.9699687522891,-4.57059582198155
"Gran","cg24533690","#33A02C",-60.7179174483353,-3.8999702025454
"Gran","cg00855938","#33A02C",-64.8710466940705,-2.78417638512323
"Gran","cg17176423","#33A02C",-57.0663326608349,-5.76090310953608
"Gran","cg07290273","#33A02C",-69.0805098975088,-0.29989037833571
"Gran","cg08514994","#33A02C",-69.0207690738726,-0.215097525905997
"Gran","cg04327761","#33A02C",-76.2654275650997,4.01118082523523
"Gran","cg11641045","#33A02C",-74.9475001850563,2.22237280966282
"Gran","cg13024018","#33A02C",-77.1893155612111,4.35834919839947
"Gran","cg03712341","#33A02C",-76.4417716117909,1.7567283241373
"Gran","cg15348799","#33A02C",-77.056611923482,1.73090655412557
"Gran","cg24098516","#33A02C",-73.7794469745145,1.32133156322598
"Gran","cg02871028","#33A02C",-75.5593155563753,2.39081365403835
"Gran","cg00915609","#33A02C",-77.5446637420567,3.8250151556818
"Gran","cg02619173","#33A02C",-77.7527810093931,3.64030854425125
"Gran","cg10021803","#33A02C",-78.0509886080842,4.2056090562465
"Gran","cg00194465","#33A02C",-78.4303161696651,4.67124207928217
"Neut","cg21090866","#FB9A99",-15.8558331996267,-6.51772141732858
"Neut","cg10934870","#FB9A99",-16.3977275947818,-5.61626506376247
"Neut","cg01699630","#FB9A99",-16.368588664091,-5.0577425540492
"Neut","cg27510066","#FB9A99",-16.4761164461785,-4.41487517230236
"Neut","cg23338668","#FB9A99",-16.1046062249833,-5.42921284355666
"Neut","cg25693317","#FB9A99",-15.637144256074,-5.73762805877254
"Neut","cg24131359","#FB9A99",-14.9735839699519,-6.73942132876248
"Neut","cg26396370","#FB9A99",-15.7185076709065,-3.9686965828075
"Neut","cg26306976","#FB9A99",-15.2220256667983,-5.39121269002996
"Neut","cg09948350","#FB9A99",-16.7283578516925,-4.0932400430845
"Neut","cg13589463","#FB9A99",-15.6799893744751,-4.67169835623657
"Neut","cg08091050","#FB9A99",-15.7056748805695,-4.88280487012165
"Neut","cg07079231","#FB9A99",-15.0562199824106,-5.89260827144565
"Neut","cg11725581","#FB9A99",-14.8275519879479,-4.82538550710961
"Neut","cg08939373","#FB9A99",-18.3141559244741,-2.83571016106251
"Neut","cg14181409","#FB9A99",-17.5069858087609,-3.23072582172401
"Neut","cg09950920","#FB9A99",-14.3010779739984,-5.34715611760953
"Neut","cg08119452","#FB9A99",-19.9680423748591,-1.92392398331596
"Neut","cg14717666","#FB9A99",-17.761045129103,-3.31096853486809
"Neut","cg07332601","#FB9A99",-13.9990760004534,-5.79184161623197
"Neut","cg23415995","#FB9A99",-18.425443182192,-2.07190503489236
"Neut","cg00591421","#FB9A99",-14.1269581618829,-6.33706420144104
"Neut","cg16072661","#FB9A99",-13.6195795544553,-5.98987912841916
"Neut","cg24596116","#FB9A99",-19.3594330134715,-1.60973680377613
"Neut","cg15848159","#FB9A99",-13.125974570723,-6.34914224348982
"Neut","cg23907981","#FB9A99",-19.674292896054,-1.05850475125948
"Neut","cg04505750","#FB9A99",-20.4054236034734,-1.26068201396435
"Neut","cg13358873","#FB9A99",-19.1060620638992,-2.1016736287211
"Neut","cg08036553","#FB9A99",-13.5455855809481,-5.41124858102501
"Neut","cg12486521","#FB9A99",-12.9599296352602,-6.37955968662696
"Neut","cg14225168","#FB9A99",-19.4350376488963,-1.32699049955304
"Neut","cg00620464","#FB9A99",5.41569853772198,-18.628770902863
"Neut","cg03445151","#FB9A99",5.58757742688762,-17.9974453632265
"Neut","cg11069470","#FB9A99",-23.98103987878,0.251857387648889
"Neut","cg01613337","#FB9A99",6.22265285859313,-18.9973506671244
"Neut","cg25517103","#FB9A99",5.20941017102366,-16.565279748502
"Neut","cg11869233","#FB9A99",-53.0840727462845,-2.91895874680753
"Neut","cg13125072","#FB9A99",6.32415459579265,-17.9948622179842
"Neut","cg14898243","#FB9A99",7.05698522531977,-19.28118305793
"Neut","cg09355008","#FB9A99",6.86609215485579,-18.6359218415979
"Neut","cg01211124","#FB9A99",6.97375318846689,-18.9616767448555
"Neut","cg22017309","#FB9A99",-26.0694340124089,0.166571479941353
"Neut","cg26094004","#FB9A99",-18.348835268727,4.61661258242279
"Neut","cg20675440","#FB9A99",4.85086543245784,-13.7803753883661
"Neut","cg17778883","#FB9A99",8.29241683546615,-18.5421523993222
"Neut","cg19376823","#FB9A99",8.91842128011833,-18.2327155833044
"Neut","cg18000326","#FB9A99",6.50063328498481,-15.2677846300277
"Neut","cg23486923","#FB9A99",5.42426887725535,-14.2967131697382
"Neut","cg02347859","#FB9A99",10.3451702184952,-18.5940781015044
"Neut","cg24929943","#FB9A99",13.8129232338412,-23.7019985711677
"Neut","cg24616081","#FB9A99",13.2427331274854,-20.5392676223746
"Neut","cg07169618","#FB9A99",14.3328870432611,-20.3060906241613
"Neut","cg19615288","#FB9A99",-48.5614897624977,-12.5534893003493
"Neut","cg11631280","#FB9A99",13.689110385907,-22.1232771425591
"Neut","cg27066295","#FB9A99",7.85122560941269,-15.596941491826
"Neut","cg22867729","#FB9A99",12.1429241792132,-19.9337786039966
"Neut","cg03431155","#FB9A99",12.122610808976,-19.0998052671136
"Neut","cg08262876","#FB9A99",-48.8469031271354,-12.2694192802445
"Neut","cg00082787","#FB9A99",14.7469699145284,-23.382851054337
"Neut","cg03399971","#FB9A99",16.3020998320722,-26.6119589141878
"Neut","cg12603173","#FB9A99",16.9889048592426,-28.6134943919003
"Neut","cg02244204","#FB9A99",17.3951124527497,-29.9874377673858
"Neut","cg20063650","#FB9A99",15.6411529064445,-24.1391904483361
"Neut","cg02551980","#FB9A99",15.7609382519899,-26.3887299086129
"Neut","cg04264781","#FB9A99",16.5587029740583,-28.0836887821045
"Neut","cg16160710","#FB9A99",15.03338321423,-23.3980767402492
"Neut","cg04395498","#FB9A99",8.1345348910953,-15.4584851866275
"Neut","cg01001924","#FB9A99",-58.0761289988609,-7.55548350620888
"Neut","cg22007739","#FB9A99",13.0906886070762,-17.1363106493632
"Neut","cg11002034","#FB9A99",14.8177575040521,-23.8418337928501
"Neut","cg16995193","#FB9A99",15.9489633079545,-22.2333906419492
"Neut","cg02982753","#FB9A99",-21.3786372535274,2.99411363366409
"Neut","cg10526504","#FB9A99",11.9813369935104,-16.8175793101572
"Neut","cg25561754","#FB9A99",14.6531607625659,-22.4172731089229
"Neut","cg22870344","#FB9A99",-75.6110030242686,0.262106842703836
"Neut","cg15213732","#FB9A99",17.3879650260123,-30.6212324037677
"Neut","cg02082720","#FB9A99",16.7046868513371,-30.902779157877
"Neut","cg13997668","#FB9A99",-57.8384070931614,-3.36683280823709
"Neut","cg14146092","#FB9A99",-54.2632265026234,-4.51539839063648
"Neut","cg02228688","#FB9A99",16.0481088398739,-25.9486133349846
"Neut","cg15874642","#FB9A99",15.5240033353051,-22.2509738708182
"Neut","cg26543164","#FB9A99",14.4657548540159,-21.318066672531
"Neut","cg08691740","#FB9A99",-78.8028664022422,1.25164808956578
"Neut","cg15216636","#FB9A99",-76.9566060188085,0.36102285408458
"Neut","cg07925134","#FB9A99",-56.6268920676207,-7.53126467560111
"Neut","cg26517646","#FB9A99",11.8028823291806,-16.8097415454213
"Neut","cg15769424","#FB9A99",-70.2974791760358,-0.505402217071618
"Neut","cg09188868","#FB9A99",-61.642614264748,-1.44876787579785
"Neut","cg01184560","#FB9A99",-63.0980078030197,-1.12864461716468
"Neut","cg20337976","#FB9A99",16.6123912743271,-29.8239982812394
"Neut","cg11485704","#FB9A99",-66.2575228593898,-3.61071476054378
"Neut","cg17314545","#FB9A99",14.5034577054281,-21.4456206613111
"Neut","cg06518779","#FB9A99",-60.8736075085707,-5.52565197901366
"Neut","cg10532540","#FB9A99",-51.4968241052205,-8.82483181537401
"Neut","cg08115430","#FB9A99",-55.1177892845337,-7.7597003204725
"Neut","ch.19.12242617R","#FB9A99",-66.5054083303951,-2.05872803503879
"Neut","cg00346009","#FB9A99",-54.2391744467093,-7.83569736939065
"Neut","cg10398005","#FB9A99",-48.5642781697927,-10.2441520332819
"Neut","cg18356159","#FB9A99",-55.5581208100452,-7.1995932387854
"Neut","cg11171429","#FB9A99",-58.7893177298041,-6.20236565910779
"Neut","cg26477844","#FB9A99",-64.6731680848806,-3.71347507194303
"Neut","cg03997653","#FB9A99",-69.4203368923058,-0.890637782007807
"Neut","cg12606485","#FB9A99",-64.3959801966851,-3.91770885763708
"Neut","cg19703826","#FB9A99",-64.2338528102791,-4.30895268429252
"Neut","cg07197864","#FB9A99",-52.1739137577518,-8.37731184339572
"Neut","cg16044674","#FB9A99",-49.4692360283256,-9.7771784969776
"Neut","cg27343216","#FB9A99",-69.4256737463223,-0.712270940358605
"Neut","cg23537517","#FB9A99",-75.4320366569262,3.20764685555485
"Neut","cg15041659","#FB9A99",-62.135852019601,-2.65296888682196
"Neut","cg24308654","#FB9A99",-78.2565807181799,2.17314057393946
"Neut","cg00647646","#FB9A99",-77.7775352374802,2.298821547191
"Neut","cg07508394","#FB9A99",-79.297572816506,2.87401716191444
"Neut","cg23704733","#FB9A99",-74.003267976329,1.47475979663125
"Neut","cg08547499","#FB9A99",-76.7797604190964,3.36959033840391
"Neut","cg20594607","#FB9A99",-78.5356501378805,2.71168741963279
"Neut","cg04931156","#FB9A99",-78.2577194039486,3.142879209992
"Neut","cg22549504","#FB9A99",-79.8085794868862,3.9941472905663
"Neut","cg12252866","#FB9A99",-74.1413767215762,1.50662648708322
"Neut","cg23338753","#FB9A99",16.9664178264333,-32.6499448906114
"Neut","cg23308293","#FB9A99",-76.5734961740897,3.18329736739601
"Neut","cg01385018","#FB9A99",-79.7943513700954,3.31608450707867
"Neut","cg20613337","#FB9A99",-79.116403394818,3.90752934203102
"Neut","cg02619805","#FB9A99",-79.1902811517179,3.59994371665665
"Neut","cg23713965","#FB9A99",-78.9008974691606,3.70218227265499
"Neut","cg07314337","#FB9A99",-79.502585910283,4.40137073612697
"Neut","cg14852238","#FB9A99",-78.7366986484398,4.38547881233432
"Neut","cg14217684","#FB9A99",-79.1341279805965,4.94241610855812
"Neut","cg19276012","#FB9A99",-79.6277303762369,4.64188733942813
